name,folder
7916,/Volumes/Mac Ext 2/Suda Electrochromism/20161019/slices/MVI_7916
7917,/Volumes/Mac Ext 2/Suda Electrochromism/20161019/slices/MVI_7917
7918,/Volumes/Mac Ext 2/Suda Electrochromism/20161019/slices/MVI_7918
7919,/Volumes/Mac Ext 2/Suda Electrochromism/20161019/slices/MVI_7919
7920,/Volumes/Mac Ext 2/Suda Electrochromism/20161019/slices/MVI_7920
7921,/Volumes/Mac Ext 2/Suda Electrochromism/20161019/slices/MVI_7921
7922,/Volumes/Mac Ext 2/Suda Electrochromism/20161019/slices/MVI_7922
7923,/Volumes/Mac Ext 2/Suda Electrochromism/20161019/slices/MVI_7923
7924,/Volumes/Mac Ext 2/Suda Electrochromism/20161019/slices/MVI_7924
7925,/Volumes/Mac Ext 2/Suda Electrochromism/20161019/slices/MVI_7925
7926,/Volumes/Mac Ext 2/Suda Electrochromism/20161019/slices/MVI_7926
7927,/Volumes/Mac Ext 2/Suda Electrochromism/20161019/slices/MVI_7927
7928,/Volumes/Mac Ext 2/Suda Electrochromism/20161019/slices/MVI_7928
7929,/Volumes/Mac Ext 2/Suda Electrochromism/20161019/slices/MVI_7929
7930,/Volumes/Mac Ext 2/Suda Electrochromism/20161019/slices/MVI_7930
7932,/Volumes/Mac Ext 2/Suda Electrochromism/20161019/slices/MVI_7932
7933,/Volumes/Mac Ext 2/Suda Electrochromism/20161019/slices/MVI_7933
7934,/Volumes/Mac Ext 2/Suda Electrochromism/20161019/slices/MVI_7934
7936,/Volumes/Mac Ext 2/Suda Electrochromism/20161019/slices/MVI_7936
7937,/Volumes/Mac Ext 2/Suda Electrochromism/20161019/slices/MVI_7937
7938,/Volumes/Mac Ext 2/Suda Electrochromism/20161019/slices/MVI_7938
7939,/Volumes/Mac Ext 2/Suda Electrochromism/20161019/slices/MVI_7939
7940,/Volumes/Mac Ext 2/Suda Electrochromism/20161019/slices/MVI_7940
7941,/Volumes/Mac Ext 2/Suda Electrochromism/20161019/slices/MVI_7941
7942,/Volumes/Mac Ext 2/Suda Electrochromism/20161019/slices/MVI_7942
7943,/Volumes/Mac Ext 2/Suda Electrochromism/20161019/slices/MVI_7943
7944,/Volumes/Mac Ext 2/Suda Electrochromism/20161019/slices/MVI_7944
7945,/Volumes/Mac Ext 2/Suda Electrochromism/20161019/slices/MVI_7945
7946,/Volumes/Mac Ext 2/Suda Electrochromism/20161019/slices/MVI_7946
7947,/Volumes/Mac Ext 2/Suda Electrochromism/20161019/slices/MVI_7947
